Station Category;Station Type;ID Hash;WMO ID;Alternative IDs;Name;Location Lat,Lon;Elevation;Start Date;End Date;Horizontal Distance;Vertical Distance;Effective Distance;Elevation_m
SYNOP;SYNO;7363851;067970;BEH;Passo del Bernina;46.4092,10.0196;2260m;2014-09-15T00:00:00Z;2025-05-02T07:30:00Z;-999;-999;-999;2262.2
SYNOP;SYNO;15890694;;WIT;Wittnau;47.4804,7.96854;463m;2018-05-09T06:30:00Z;2025-05-02T07:20:00Z;-999;-999;-999;463.8
SYNOP;SYNO;20701173;;VSBAS;Baltschiedertal;46.3423,7.87932;1318m;2018-05-09T06:30:00Z;2025-05-02T07:30:00Z;-999;-999;-999;1319.0
SYNOP;SYNO;28367291;066170;BRL;La Brévine;46.9838,6.6103;1050m;2002-01-01T00:00:00Z;2025-05-02T07:30:00Z;-999;-999;-999;1048.5
SYNOP;SYNO;30633461;;ABG;L'Abergement;46.7562,6.49021;647m;2017-12-03T06:00:00Z;2025-05-01T06:00:00Z;-999;-999;-999;646.8
SYNOP;SYNO;45286347;;KUB;Küblis;46.9123,9.77751;839m;2017-12-04T06:00:00Z;2025-05-01T06:00:00Z;-999;-999;-999;835.7
SYNOP;SYNO;64150975;067980;SCU;Scuol;46.7933,10.2833;1304m;2002-01-01T00:00:00Z;2025-05-02T07:30:00Z;-999;-999;-999;1302.5
SYNOP;SYNO;75006491;;TEU;Teufen, AR;47.3879,9.39607;834m;2017-12-03T06:00:00Z;2025-05-01T06:00:00Z;-999;-999;-999;833.8
SYNOP;SYNO;77175386;;ZWE;Zweisimmen;46.5506,7.38478;1015m;2018-05-09T06:30:00Z;2025-05-02T07:30:00Z;-999;-999;-999;937.0
SYNOP;SYNO;79304738;;ROG;Rossberg;47.0737,8.54776;1129m;2018-05-09T06:30:00Z;2025-05-02T07:30:00Z;-999;-999;-999;1127.0
SYNOP;SYNO;102105009;;LTB;Lauterbrunnen;46.5929,7.90646;815m;2017-12-03T06:00:00Z;2025-05-02T07:20:00Z;-999;-999;-999;816.8
SYNOP;SYNO;128182596;066030;VEV;Vevey / Corseaux;46.4712,6.81506;405m;2015-09-08T08:00:00Z;2025-05-02T07:30:00Z;-999;-999;-999;401.6
SYNOP;SYNO;133829985;;SAP;Safien Platz;46.6787,9.31508;1296m;2018-05-09T06:30:00Z;2025-05-02T07:20:00Z;-999;-999;-999;1297.1
SYNOP;SYNO;139379953;066480;EGO;Egolzwil;47.1794,8.00476;522m;2002-01-01T00:00:00Z;2025-05-02T07:30:00Z;-999;-999;-999;521.2
SYNOP;SYNO;145809835;;SCE;Schwarzenegg;46.8055,7.72275;902m;2017-12-03T06:00:00Z;2025-05-01T06:00:00Z;-999;-999;-999;903.6
SYNOP;SYNO;152145768;;VSERG;Ergisch;46.293,7.71629;1133m;2018-05-09T06:30:00Z;2025-05-02T07:30:00Z;-999;-999;-999;1132.4
SYNOP;SYNO;152816731;066080;CHM;Chaumont;47.0492,6.97882;1136m;2013-09-04T00:00:00Z;2025-05-02T07:30:00Z;-999;-999;-999;1136.2
SYNOP;SYNO;161458395;066270;CHD;Château-d'Oex;46.4798,7.13966;1028m;2012-02-08T09:00:00Z;2025-05-02T07:30:00Z;-999;-999;-999;1026.9
SYNOP;SYNO;181129371;067890;ILZ;Ilanz;46.775,9.21535;698m;2014-05-19T11:00:00Z;2025-05-02T07:30:00Z;-999;-999;-999;698.8
SYNOP;SYNO;186335125;;LSN;Lausanne;46.5278,6.64327;601m;2018-05-09T06:30:00Z;2025-05-02T07:20:00Z;-999;-999;-999;596.9
SYNOP;SYNO;189358764;;COP;Courtepin;46.8601,7.12758;565m;2017-12-03T06:00:00Z;2025-04-30T06:00:00Z;-999;-999;-999;568.9
SYNOP;SYNO;199447357;067100;COY;Courtelary;47.1808,7.09066;695m;2015-03-17T08:00:00Z;2025-05-02T07:30:00Z;-999;-999;-999;695.2
SYNOP;SYNO;204944500;;TIC;Tiefencastel;46.6636,9.57447;897m;2017-12-04T06:00:00Z;2025-04-29T06:00:00Z;-999;-999;-999;897.3
SYNOP;SYNO;217511432;;KAS;Kandersteg;46.4938,7.67717;1178m;2017-12-03T06:00:00Z;2025-05-02T07:20:00Z;-999;-999;-999;1177.5
SYNOP;SYNO;218669518;;BUE;Bülach;47.5196,8.52772;403m;2017-12-03T06:00:00Z;2025-04-30T06:00:00Z;-999;-999;-999;397.9
SYNOP;SYNO;219551021;;MOW;Möriken-Wildegg;47.4205,8.17228;405m;2017-12-03T06:00:00Z;2025-04-30T06:00:00Z;-999;-999;-999;403.9
SYNOP;SYNO;220307910;067330;BOL;Boltigen;46.6235,7.38421;820m;2002-01-01T00:00:00Z;2025-05-02T07:30:00Z;-999;-999;-999;819.6
SYNOP;SYNO;222972755;;JON;Jona;47.2239,8.84829;410m;2018-05-09T06:30:00Z;2025-05-02T07:20:00Z;-999;-999;-999;409.5
SYNOP;SYNO;238116038;066410;MOE;Möhlin;47.5722,7.87791;343m;2002-01-01T00:00:00Z;2025-05-02T07:30:00Z;-999;-999;-999;344.0
SYNOP;SYNO;240363657;;MOU;Moutier;47.2722,7.37176;579m;2017-12-03T06:00:00Z;2025-04-30T06:00:00Z;-999;-999;-999;577.8
SYNOP;SYNO;258458887;;AGATT;Attelwil;47.2652,8.05052;475m;2018-05-09T06:30:00Z;2025-05-02T07:30:00Z;-999;-999;-999;473.5
SYNOP;SYNO;266334247;;SCD;Scudellate;45.9218,9.04027;920m;2017-12-03T06:00:00Z;2025-05-01T06:00:00Z;-999;-999;-999;921.9
SYNOP;SYNO;267963718;;BAU;Baulmes;46.7895,6.52258;642m;2017-12-03T06:00:00Z;2025-05-01T06:00:00Z;-999;-999;-999;643.4
SYNOP;SYNO;268175074;;MUS;Müstair;46.6354,10.4585;1248m;2017-12-03T06:00:00Z;2025-05-01T06:00:00Z;-999;-999;-999;1248.9
SYNOP;SYNO;268977341;067300;JUN;Jungfraujoch;46.5476,7.98544;3571m;2002-01-01T00:00:00Z;2025-05-02T07:30:00Z;-999;-999;-999;3554.0
SYNOP;SYNO;274450664;067700;LUG;Lugano;46.0042,8.96032;273m;2002-01-01T00:00:00Z;2025-05-02T07:30:00Z;-999;-999;-999;276.9
SYNOP;SYNO;280622545;067620;MAG;Magadino / Cadenazzo;46.16,8.93367;203m;2002-01-01T00:00:00Z;2025-05-02T07:30:00Z;-999;-999;-999;203.4
SYNOP;SYNO;291283162;;MTO;Montenol;47.3539,7.15292;694m;2017-12-03T06:00:00Z;2025-04-29T06:00:00Z;-999;-999;-999;693.4
SYNOP;SYNO;298944938;;CHY;Chavornay;46.7024,6.548;439m;2017-12-03T06:00:00Z;2025-05-01T06:00:00Z;-999;-999;-999;440.7
SYNOP;SYNO;321722842;066020;DEM;Delémont;47.3517,7.34957;439m;2002-01-01T00:00:00Z;2025-05-02T07:30:00Z;-999;-999;-999;436.4
SYNOP;SYNO;340469792;067590;CIM;Cimetta;46.2005,8.79165;1661m;2002-01-01T00:00:00Z;2025-05-02T07:30:00Z;-999;-999;-999;1658.8
SYNOP;SYNO;362599930;;KLA;Klosters;46.8651,9.8897;1186m;2018-05-09T06:30:00Z;2025-05-02T07:20:00Z;-999;-999;-999;1184.9
SYNOP;SYNO;379738627;067540;MTR;Matro;46.4101,8.92474;2171m;2002-01-01T00:00:00Z;2025-05-02T07:30:00Z;-999;-999;-999;2172.5
SYNOP;SYNO;395344738;;ECH;Echallens;46.6461,6.62176;602m;2017-12-03T06:00:00Z;2025-05-01T06:00:00Z;-999;-999;-999;602.7
SYNOP;SYNO;400101401;;BRW;Braunwald;46.9375,8.98765;1299m;2018-05-09T06:30:00Z;2025-05-02T07:30:00Z;-999;-999;-999;1301.3
SYNOP;SYNO;410152761;;AUB;L' Auberson;46.8235,6.44069;1096m;2017-12-03T06:00:00Z;2025-05-02T07:20:00Z;-999;-999;-999;1096.0
SYNOP;SYNO;429549579;;VSTSN;Tsanfleuron;46.3207,7.30179;2052m;2018-05-09T06:30:00Z;2025-05-02T07:20:00Z;-999;-999;-999;2047.4
SYNOP;SYNO;447849380;;WDO;Wahlendorf;47.0045,7.33673;760m;2017-12-03T06:00:00Z;2025-05-01T06:00:00Z;-999;-999;-999;762.0
SYNOP;SYNO;449368349;;EFF;Effretikon;47.4388,8.70251;478m;2017-12-03T06:00:00Z;2025-05-01T06:00:00Z;-999;-999;-999;480.8
SYNOP;SYNO;468979184;;SAX;Salez / Saxerriet;47.233,9.49309;436m;2018-05-09T06:30:00Z;2025-05-02T07:20:00Z;-999;-999;-999;437.3
SYNOP;SYNO;479023104;;JUS;Jussy;46.2285,6.2579;466m;2017-12-03T06:00:00Z;2025-05-01T06:00:00Z;-999;-999;-999;467.0
SYNOP;SYNO;480808748;066260;GOE;Gösgen;47.3631,7.97373;380m;2002-01-01T00:00:00Z;2025-05-02T07:30:00Z;-999;-999;-999;379.8
SYNOP;SYNO;486204682;066130;FRU;Frutigen;46.599,7.65754;756m;2015-08-18T08:00:00Z;2025-05-02T07:30:00Z;-999;-999;-999;754.3
SYNOP;SYNO;499343180;;HTW;Herbetswil;47.2968,7.58792;544m;2017-12-03T06:00:00Z;2025-05-01T06:00:00Z;-999;-999;-999;546.6
SYNOP;SYNO;510329138;067390;EGH;Eggishorn;46.4265,8.09273;2892m;2002-01-01T00:00:00Z;2025-05-02T07:30:00Z;-999;-999;-999;2886.2
SYNOP;SYNO;510433518;;SUS;Susch;46.7549,10.083;1416m;2018-05-09T06:30:00Z;2025-05-02T07:20:00Z;-999;-999;-999;1415.1
SYNOP;SYNO;525182906;;STU;St. Urban;47.2149,7.83954;488m;2017-12-03T06:00:00Z;2025-05-01T06:00:00Z;-999;-999;-999;489.6
SYNOP;SYNO;527557409;;IST;Isenthal;46.9106,8.56045;778m;2017-12-03T06:00:00Z;2025-05-01T06:00:00Z;-999;-999;-999;780.5
SYNOP;SYNO;528712075;066230;HAI;Salen-Reutenen;47.6512,9.02391;719m;2010-09-29T15:00:00Z;2025-05-02T07:30:00Z;-999;-999;-999;715.1
SYNOP;SYNO;531457788;;MGL;Magglingen;47.1408,7.21502;883m;2018-05-09T06:30:00Z;2025-05-02T07:20:00Z;-999;-999;-999;885.2
SYNOP;SYNO;549916773;;STF;Grossdietwil / Stampfi;47.1512,7.88536;710m;2017-12-03T06:00:00Z;2025-04-28T06:00:00Z;-999;-999;-999;709.0
SYNOP;SYNO;554719417;067050;CGI;Nyon / Changins;46.401,6.22772;458m;2002-01-01T00:00:00Z;2025-05-02T07:30:00Z;-999;-999;-999;456.8
SYNOP;SYNO;572450133;;GRY;Gryon;46.2769,7.06915;1146m;2017-12-03T06:00:00Z;2025-05-01T06:00:00Z;-999;-999;-999;1146.0
SYNOP;SYNO;573913884;;BOS;Bosco/Gurin;46.3168,8.48871;1486m;2017-12-03T06:00:00Z;2025-05-02T07:20:00Z;-999;-999;-999;1486.0
SYNOP;SYNO;576188056;066570;GIH;Giswil;46.8494,8.19022;471m;2002-01-01T00:00:00Z;2025-05-02T07:30:00Z;-999;-999;-999;469.9
SYNOP;SYNO;580434219;066640;REH;Zürich / Affoltern;47.4277,8.51795;444m;2002-01-01T00:00:00Z;2025-05-02T07:30:00Z;-999;-999;-999;442.6
SYNOP;SYNO;586421960;;BLS;Brülisau;47.2941,9.46007;928m;2017-12-03T06:00:00Z;2025-04-30T06:00:00Z;-999;-999;-999;928.0
SYNOP;SYNO;593638974;;VSMAT;Mattsand;46.1434,7.79129;1230m;2018-05-09T06:30:00Z;2025-05-02T07:20:00Z;-999;-999;-999;1236.6
SYNOP;SYNO;602404537;;DIT;Dietikon;47.4136,8.40447;384m;2018-05-09T06:30:00Z;2025-05-02T07:20:00Z;-999;-999;-999;384.8
SYNOP;SYNO;605900927;;TAF;Tafers;46.8191,7.21613;654m;2017-12-03T06:00:00Z;2025-05-01T06:00:00Z;-999;-999;-999;654.1
SYNOP;SYNO;615927598;;MSG;Mosogno;46.1985,8.64091;771m;2017-12-03T06:00:00Z;2025-05-02T07:20:00Z;-999;-999;-999;778.2
SYNOP;SYNO;620761002;067230;ATT;Les Attelas;46.0991,7.26865;2734m;2002-01-01T00:00:00Z;2025-05-02T07:30:00Z;-999;-999;-999;2732.2
SYNOP;SYNO;624215357;;SEM;Semsales;46.576,6.93129;874m;2017-12-03T06:00:00Z;2025-05-01T06:00:00Z;-999;-999;-999;874.9
SYNOP;SYNO;625393002;066880;CMA;Crap Masegn;46.8423,9.18;2480m;2002-01-01T00:00:00Z;2025-05-02T07:30:00Z;-999;-999;-999;2477.8
SYNOP;SYNO;631101226;066890;HOE;Hörnli;47.3709,8.94164;1133m;2002-01-01T00:00:00Z;2025-05-02T07:30:00Z;-999;-999;-999;1132.8
SYNOP;SYNO;637724865;;AIR;Airolo;46.526,8.59744;1139m;2017-12-03T06:00:00Z;2025-05-02T07:20:00Z;-999;-999;-999;1140.1
SYNOP;SYNO;652980193;;VRI;Vrin;46.6558,9.10347;1384m;2017-12-03T06:00:00Z;2025-05-02T07:20:00Z;-999;-999;-999;1379.7
SYNOP;SYNO;653645639;;SIH;Sihlbrugg;47.2206,8.57828;549m;2018-05-09T06:30:00Z;2025-05-02T07:20:00Z;-999;-999;-999;548.3
SYNOP;SYNO;663816146;;OED;Ehrendingen;47.5081,8.33905;428m;2018-05-09T06:30:00Z;2025-05-02T07:20:00Z;-999;-999;-999;426.9
SYNOP;SYNO;669252824;;BUD;Burgdorf;47.057,7.59873;534m;2017-12-03T06:00:00Z;2025-05-01T06:00:00Z;-999;-999;-999;533.9
SYNOP;SYNO;683225687;;KLT;Klöntal;47.0367,9.00148;855m;2017-12-03T06:00:00Z;2025-04-30T06:00:00Z;-999;-999;-999;851.3
SYNOP;SYNO;684114501;;LOB;Pleigne;47.4185,7.27543;738m;2017-12-03T06:00:00Z;2025-05-01T06:00:00Z;-999;-999;-999;737.8
SYNOP;SYNO;685361020;;VSMOI;Moiry;46.1377,7.57022;2127m;2018-05-09T06:30:00Z;2025-05-02T07:20:00Z;-999;-999;-999;2125.8
SYNOP;SYNO;689614880;;LAF;Laufen;47.414,7.52678;404m;2017-12-03T06:00:00Z;2025-05-01T06:00:00Z;-999;-999;-999;405.5
SYNOP;SYNO;701600889;;KAI;Kaiserstuhl, AG;47.5706,8.41323;361m;2017-12-03T06:00:00Z;2019-10-31T06:00:00Z;-999;-999;-999;362.1
SYNOP;SYNO;716141267;;VSVER;Vercorin;46.238,7.55628;1650m;2018-05-09T06:30:00Z;2025-05-02T07:20:00Z;-999;-999;-999;1651.9
SYNOP;SYNO;717390779;;ERI;Eriswil;47.0834,7.85049;729m;2017-12-03T06:00:00Z;2025-05-01T06:00:00Z;-999;-999;-999;728.9
SYNOP;SYNO;723226221;;GTT;Guttannen;46.6564,8.29172;1055m;2017-12-03T06:00:00Z;2025-05-02T07:20:00Z;-999;-999;-999;1058.5
SYNOP;SYNO;723422439;;BSG;Brissago;46.1198,8.709;280m;2017-12-03T06:00:00Z;2025-05-01T06:00:00Z;-999;-999;-999;272.1
SYNOP;SYNO;730116992;066720;ALT;Altdorf;46.8871,8.62189;438m;2002-01-01T00:00:00Z;2025-05-02T07:30:00Z;-999;-999;-999;438.7
SYNOP;SYNO;744822494;067740;BIV;Bivio;46.4625,9.66864;1856m;2015-04-28T08:00:00Z;2025-05-02T07:30:00Z;-999;-999;-999;1863.8
SYNOP;SYNO;755434311;;BEC;Bernina / Curtinatsch;46.4411,9.98689;2090m;2018-05-09T06:30:00Z;2025-05-02T07:30:00Z;-999;-999;-999;2092.0
SYNOP;SYNO;765085264;;ENT;Entlebuch;46.9868,8.06875;768m;2018-05-09T06:30:00Z;2025-05-02T07:20:00Z;-999;-999;-999;768.0
SYNOP;SYNO;765467048;;HON;Hondrich;46.6731,7.68073;760m;2017-12-03T06:00:00Z;2025-05-01T06:00:00Z;-999;-999;-999;757.2
SYNOP;SYNO;793556551;;FIT;Fieschertal;46.4279,8.14102;1175m;2017-12-03T06:00:00Z;2025-05-02T07:20:00Z;-999;-999;-999;1173.8
SYNOP;SYNO;801480996;;HER;Hérémence;46.1783,7.40439;1218m;2017-12-03T06:00:00Z;2025-04-30T06:00:00Z;-999;-999;-999;1222.5
SYNOP;SYNO;827370059;067850;ARO;Arosa;46.7927,9.67901;1878m;2015-12-15T00:00:00Z;2025-05-02T07:30:00Z;-999;-999;-999;1878.9
SYNOP;SYNO;841442054;067950;PMA;Piz Martegnas;46.5772,9.52954;2670m;2002-01-01T00:00:00Z;2025-05-02T07:30:00Z;-999;-999;-999;2664.6
SYNOP;SYNO;842571376;;MAD;Madiswil;47.1607,7.82631;663m;2017-12-03T06:00:00Z;2025-05-01T06:00:00Z;-999;-999;-999;663.5
SYNOP;SYNO;844279400;067170;GSB;Col du Grand St-Bernard;45.8691,7.17068;2472m;2002-01-01T00:00:00Z;2025-05-02T07:30:00Z;-999;-999;-999;2478.3
SYNOP;SYNO;847629914;;MDO;Moudon;46.6762,6.80306;563m;2017-12-03T06:00:00Z;2025-05-01T06:00:00Z;-999;-999;-999;563.6
SYNOP;SYNO;856127794;066420;LAT;Bergün / Latsch;46.6273,9.75371;1408m;2015-03-20T08:00:00Z;2025-05-02T07:30:00Z;-999;-999;-999;1409.3
SYNOP;SYNO;870704996;;VSCOL;Les Collons;46.179,7.38736;1770m;2018-05-09T06:30:00Z;2025-05-02T07:30:00Z;-999;-999;-999;1772.6
SYNOP;SYNO;872939726;;GEA;Genève / Aïre;46.1957,6.09051;376m;2017-12-03T06:00:00Z;2025-05-01T06:00:00Z;-999;-999;-999;376.3
SYNOP;SYNO;877458398;;ABE;Aarberg;47.0366,7.28142;493m;2017-12-03T06:00:00Z;2025-05-02T07:20:00Z;-999;-999;-999;493.4
SYNOP;SYNO;889684778;;FLW;Flawil;47.4141,9.20289;571m;2018-05-09T06:30:00Z;2025-05-02T07:20:00Z;-999;-999;-999;572.7
SYNOP;SYNO;909782438;;REM;Rempen;47.1384,8.8968;650m;2018-05-09T06:30:00Z;2025-05-02T07:30:00Z;-999;-999;-999;646.2
SYNOP;SYNO;916448139;;LOT;Lorzentobel;47.1805,8.55463;536m;2017-12-04T06:00:00Z;2025-05-01T06:00:00Z;-999;-999;-999;541.6
SYNOP;SYNO;932556760;067220;EVO;Evolène / Villa;46.1122,7.50863;1825m;2002-01-01T00:00:00Z;2025-05-02T07:30:00Z;-999;-999;-999;1829.1
SYNOP;SYNO;943630833;;INF;Innerferrera;46.5202,9.44403;1475m;2017-12-03T06:00:00Z;2025-05-01T06:00:00Z;-999;-999;-999;1478.3
SYNOP;SYNO;967444767;;LEU;Leukerbad;46.367,7.62164;1286m;2017-12-03T06:00:00Z;2025-05-02T07:20:00Z;-999;-999;-999;1289.7
SYNOP;SYNO;981833761;;BRO;Broc;46.6097,7.10815;682m;2017-12-04T06:00:00Z;2025-05-01T06:00:00Z;-999;-999;-999;682.5
SYNOP;SYNO;987541615;067830;SBE;S. Bernardino;46.4635,9.1847;1639m;2002-01-01T00:00:00Z;2025-05-02T07:30:00Z;-999;-999;-999;1638.4
SYNOP;SYNO;997407486;066830;SCM;Schmerikon;47.2249,8.9403;408m;2002-01-01T00:00:00Z;2025-05-02T07:30:00Z;-999;-999;-999;407.2
SYNOP;SYNO;999477651;066500;LUZ;Luzern;47.0364,8.30102;454m;2002-01-01T00:00:00Z;2025-05-02T07:30:00Z;-999;-999;-999;455.4
SYNOP;SYNO;1029791718;;BMU;Beromünster;47.2073,8.19364;642m;2017-12-03T06:00:00Z;2025-05-01T06:00:00Z;-999;-999;-999;642.4
SYNOP;SYNO;1031015295;;STP;Stöckalp;46.8,8.2812;1070m;2018-05-09T06:30:00Z;2025-05-02T07:20:00Z;-999;-999;-999;1065.6
SYNOP;SYNO;1034874005;;VSOTE;Otemma;45.9244,7.39321;2357m;2018-05-09T06:30:00Z;2021-11-09T11:10:00Z;-999;-999;-999;2366.8
SYNOP;SYNO;1036278047;066160;FAH;Fahy;47.4238,6.94119;596m;2002-01-01T00:00:00Z;2025-05-02T07:30:00Z;-999;-999;-999;596.1
SYNOP;SYNO;1038153084;;LON;Longirod;46.4961,6.25828;900m;2018-05-09T06:30:00Z;2025-05-02T07:20:00Z;-999;-999;-999;900.9
SYNOP;SYNO;1038177488;066790;TAE;Aadorf / Tänikon;47.4799,8.90493;539m;2002-01-01T00:00:00Z;2025-05-02T07:30:00Z;-999;-999;-999;539.6
SYNOP;SYNO;1039540271;;AIE;Affoltern i. E.;47.0631,7.74061;755m;2018-05-09T06:30:00Z;2025-05-02T07:20:00Z;-999;-999;-999;755.9
SYNOP;SYNO;1039746860;;DIB;Les Diablerets;46.3469,7.16633;1191m;2017-12-03T06:00:00Z;2025-05-01T06:00:00Z;-999;-999;-999;1194.0
SYNOP;SYNO;1044580458;066310;BER;Bern / Zollikofen;46.9907,7.46406;553m;2002-01-01T00:00:00Z;2025-05-02T07:30:00Z;-999;-999;-999;552.5
SYNOP;SYNO;1057469371;;BNU;Braunau;47.5223,9.07339;592m;2019-01-24T06:00:00Z;2025-05-01T06:00:00Z;-999;-999;-999;592.5
SYNOP;SYNO;1061833865;;NEB;Nesselboden;47.2452,7.50858;1055m;2018-05-09T06:30:00Z;2025-05-02T07:20:00Z;-999;-999;-999;1055.9
SYNOP;SYNO;1082525251;;WBR;Wil, ZH;47.6048,8.50703;406m;2017-12-03T06:00:00Z;2025-05-01T06:00:00Z;-999;-999;-999;408.4
SYNOP;SYNO;1094364590;;SAR;Sargans;47.0537,9.44023;585m;2017-12-03T06:00:00Z;2025-05-01T06:00:00Z;-999;-999;-999;583.3
SYNOP;SYNO;1097287933;;VSDUR;Durnand;46.0517,7.08426;1214m;2018-05-09T06:30:00Z;2025-05-02T07:30:00Z;-999;-999;-999;1215.6
SYNOP;SYNO;1099491586;;SEV;Sevelen;47.1244,9.48954;457m;2017-12-03T06:00:00Z;2025-05-01T06:00:00Z;-999;-999;-999;459.1
SYNOP;SYNO;1105068429;066190;FRE;Bullet / La Frétaz;46.8406,6.57637;1205m;2002-01-01T00:00:00Z;2025-05-02T07:30:00Z;-999;-999;-999;1204.7
SYNOP;SYNO;1118887774;067780;BUF;Buffalora;46.6484,10.2672;1971m;2002-01-01T00:00:00Z;2025-05-02T07:30:00Z;-999;-999;-999;1969.7
SYNOP;SYNO;1119223946;;ALM;Altmatt;47.131,8.69636;920m;2017-12-03T06:00:00Z;2025-05-01T06:00:00Z;-999;-999;-999;922.1
SYNOP;SYNO;1132433784;;PFA;Pfäffikon, ZH;47.3655,8.76988;540m;2017-12-03T06:00:00Z;2025-05-02T07:30:00Z;-999;-999;-999;541.7
SYNOP;SYNO;1142268106;;GAD;Gadmen;46.737,8.35127;1190m;2017-12-03T06:00:00Z;2025-04-30T06:00:00Z;-999;-999;-999;1193.8
SYNOP;SYNO;1147822664;067770;GEN;Monte Generoso;45.9276,9.01788;1600m;2002-01-01T00:00:00Z;2025-05-02T07:30:00Z;-999;-999;-999;1595.2
SYNOP;SYNO;1166803090;;MUE;Mürren;46.5552,7.88997;1632m;2017-12-03T06:00:00Z;2019-11-28T06:00:00Z;-999;-999;-999;1631.8
SYNOP;SYNO;1177494710;069900;VAD;Vaduz;47.1275,9.51758;457m;2002-01-01T00:00:00Z;2025-05-02T07:30:00Z;-999;-999;-999;456.0
SYNOP;SYNO;1193030847;;GSG;Gsteig, Gstaad;46.3765,7.27859;1196m;2018-05-09T06:30:00Z;2025-05-02T07:20:00Z;-999;-999;-999;1197.8
SYNOP;SYNO;1215112792;;MOD;Montagne du Droit;47.1492,6.93537;1170m;2021-11-11T06:00:00Z;2021-12-01T06:00:00Z;-999;-999;-999;1171.1
SYNOP;SYNO;1218065421;067930;VAB;Valbella;46.755,9.55443;1568m;2002-01-01T00:00:00Z;2025-05-02T07:30:00Z;-999;-999;-999;1567.0
SYNOP;SYNO;1227601274;;WAN;Wangen b. Olten;47.3349,7.87896;435m;2017-12-04T06:00:00Z;2025-04-30T06:00:00Z;-999;-999;-999;436.9
SYNOP;SYNO;1228602602;;CTO;Torricella / Crana;46.0758,8.89537;1002m;2018-05-09T06:30:00Z;2025-05-02T07:20:00Z;-999;-999;-999;1020.0
SYNOP;SYNO;1231741226;;URB;Urnerboden;46.8988,8.91708;1395m;2017-12-03T06:00:00Z;2025-05-01T06:00:00Z;-999;-999;-999;1395.8
SYNOP;SYNO;1248014610;;HUT;Huttwil;47.114,7.83736;633m;2018-05-09T06:30:00Z;2025-05-02T07:20:00Z;-999;-999;-999;633.5
SYNOP;SYNO;1254383110;;SNS;Stans;46.9692,8.34556;439m;2017-12-03T06:00:00Z;2025-05-01T06:00:00Z;-999;-999;-999;439.7
SYNOP;SYNO;1258255274;066510;SPF;Schüpfheim;46.947,8.01244;744m;2002-01-01T00:00:00Z;2025-05-02T07:30:00Z;-999;-999;-999;744.8
SYNOP;SYNO;1264455858;;PDM;Les Ponts-de-Martel;46.9975,6.72717;1052m;2017-12-03T06:00:00Z;2025-05-01T06:00:00Z;-999;-999;-999;1052.9
SYNOP;SYNO;1267731753;067060;PRE;St-Prex;46.4837,6.443;425m;2002-01-01T00:00:00Z;2025-05-02T07:30:00Z;-999;-999;-999;427.5
SYNOP;SYNO;1270144418;066430;WYN;Wynau;47.255,7.78747;422m;2002-01-01T00:00:00Z;2025-05-02T07:30:00Z;-999;-999;-999;420.7
SYNOP;SYNO;1275259474;;SZB;Schwarzenburg;46.8136,7.34888;806m;2017-12-03T06:00:00Z;2025-04-30T06:00:00Z;-999;-999;-999;806.9
SYNOP;SYNO;1286646714;;ZEV;Zervreila;46.5788,9.1188;1738m;2018-05-09T06:30:00Z;2025-05-02T07:20:00Z;-999;-999;-999;1739.2
SYNOP;SYNO;1295369253;067280;GRC;Grächen;46.1953,7.83682;1605m;2013-05-31T00:00:00Z;2025-05-02T07:30:00Z;-999;-999;-999;1606.0
SYNOP;SYNO;1302062503;067340;INT;Interlaken;46.6722,7.87019;577m;2002-01-01T00:00:00Z;2025-05-02T07:30:00Z;-999;-999;-999;582.5
SYNOP;SYNO;1311502245;066870;QUI;Quinten;47.1287,9.21605;419m;2002-01-01T00:00:00Z;2025-05-02T07:30:00Z;-999;-999;-999;422.1
SYNOP;SYNO;1343959000;067870;AND;Andeer;46.6101,9.43198;987m;2008-05-13T10:00:00Z;2025-05-02T07:30:00Z;-999;-999;-999;989.1
SYNOP;SYNO;1355115961;066090;MLS;Le Moléson;46.5462,7.01775;1974m;2002-01-01T00:00:00Z;2025-05-02T07:30:00Z;-999;-999;-999;1974.7
SYNOP;SYNO;1377370023;;GSS;Gross, SZ;47.1127,8.77999;897m;2017-12-03T06:00:00Z;2025-05-01T06:00:00Z;-999;-999;-999;898.1
SYNOP;SYNO;1377377116;066740;CHZ;Cham;47.1883,8.46464;443m;2002-01-01T00:00:00Z;2025-05-02T07:30:00Z;-999;-999;-999;443.1
SYNOP;SYNO;1401940285;066620;SAG;Sattel, SZ;47.0811,8.63697;790m;2013-10-22T09:00:00Z;2025-05-02T07:30:00Z;-999;-999;-999;791.5
SYNOP;SYNO;1411522409;;VSVIS;Visperterminen;46.2629,7.9042;1352m;2018-05-09T06:30:00Z;2025-05-02T07:30:00Z;-999;-999;-999;1357.1
SYNOP;SYNO;1412562707;;VSTRI;Trient;46.0463,6.99466;1329m;2018-05-09T06:30:00Z;2025-05-02T07:20:00Z;-999;-999;-999;1329.6
SYNOP;SYNO;1415749930;;FRC;Fruence;46.5258,6.90185;810m;2017-12-03T06:00:00Z;2025-05-01T06:00:00Z;-999;-999;-999;811.3
SYNOP;SYNO;1426891267;;WAG;Waldegg;47.3623,8.45479;545m;2017-12-03T06:00:00Z;2019-09-01T06:00:00Z;-999;-999;-999;546.9
SYNOP;SYNO;1437098852;;BLU;Blumenstein;46.7443,7.52055;655m;2017-12-03T06:00:00Z;2025-05-01T06:00:00Z;-999;-999;-999;652.3
SYNOP;SYNO;1438523815;;KUA;Kurzeneialp;47.0134,7.84075;894m;2017-12-03T06:00:00Z;2025-04-26T06:00:00Z;-999;-999;-999;895.0
SYNOP;SYNO;1476194749;;SCH;Schleitheim;47.7443,8.48178;497m;2017-12-03T06:00:00Z;2025-05-01T06:00:00Z;-999;-999;-999;494.6
SYNOP;SYNO;1478283956;066290;MSK;Mühleberg / Stockeren;46.9521,7.28297;706m;2017-11-14T07:20:00Z;2021-11-02T21:50:00Z;-999;-999;-999;719.5
SYNOP;SYNO;1488063541;;ESZ;Eschenz;47.6458,8.87421;414m;2018-05-09T06:30:00Z;2025-05-02T07:20:00Z;-999;-999;-999;415.2
SYNOP;SYNO;1489627095;;BRI;Brig;46.3118,7.96526;665m;2018-05-09T06:30:00Z;2025-05-02T07:20:00Z;-999;-999;-999;664.2
SYNOP;SYNO;1494626039;;OBD;Obstalden;47.1139,9.16341;689m;2017-12-03T06:00:00Z;2025-04-30T06:00:00Z;-999;-999;-999;686.9
SYNOP;SYNO;1506235857;067470;MRP;Monte Rosa-Plattje;45.9566,7.81457;2885m;2009-12-16T00:00:00Z;2023-08-28T15:30:00Z;-999;-999;-999;2878.1
SYNOP;SYNO;1512952366;;KAR;Küssnacht am Rigi;47.0975,8.43089;502m;2017-12-03T06:00:00Z;2025-05-01T06:00:00Z;-999;-999;-999;504.3
SYNOP;SYNO;1517123024;067500;GUE;Gütsch, Andermatt;46.6525,8.61553;2286m;2002-01-01T00:00:00Z;2025-05-02T07:30:00Z;-999;-999;-999;2283.3
SYNOP;SYNO;1520659283;;WEF;Weinfelden;47.5684,9.11851;477m;2017-12-03T06:00:00Z;2025-05-01T06:00:00Z;-999;-999;-999;477.8
SYNOP;SYNO;1556731673;066200;SHA;Schaffhausen;47.6898,8.62014;438m;2002-01-01T00:00:00Z;2025-05-02T07:30:00Z;-999;-999;-999;438.5
SYNOP;SYNO;1556885116;;SIS;Sissach;47.4644,7.80337;380m;2017-12-03T06:00:00Z;2025-05-01T06:00:00Z;-999;-999;-999;374.3
SYNOP;SYNO;1594380272;067450;ULR;Ulrichen;46.5049,8.30824;1346m;2002-01-01T00:00:00Z;2025-05-02T07:30:00Z;-999;-999;-999;1347.7
SYNOP;SYNO;1609909791;066320;GRE;Grenchen;47.1791,7.41514;428m;2002-01-01T00:00:00Z;2025-05-02T07:30:00Z;-999;-999;-999;428.3
SYNOP;SYNO;1614117693;;SWA;Schwägalp;47.2564,9.31719;1348m;2017-12-04T06:00:00Z;2025-05-01T06:00:00Z;-999;-999;-999;1346.9
SYNOP;SYNO;1617971040;066150;MOB;Montagnier, Bagnes;46.071,7.22527;839m;2017-01-19T10:00:00Z;2025-05-02T07:30:00Z;-999;-999;-999;840.3
SYNOP;SYNO;1623560455;;VSCLU;Clusanfe;46.1359,6.88528;1926m;2018-05-09T06:30:00Z;2025-05-02T07:30:00Z;-999;-999;-999;1914.7
SYNOP;SYNO;1628660820;;VSBRI;Bricola;46.0463,7.56636;2431m;2018-06-05T04:10:00Z;2025-05-02T07:20:00Z;-999;-999;-999;2430
SYNOP;SYNO;1628976454;066540;SIM;Simplon-Dorf;46.1968,8.05634;1465m;2016-10-28T09:00:00Z;2025-05-02T07:30:00Z;-999;-999;-999;1464.1
SYNOP;SYNO;1653794036;067860;CHU;Chur;46.8704,9.53051;556m;2002-01-01T00:00:00Z;2025-05-02T07:30:00Z;-999;-999;-999;555.0
SYNOP;SYNO;1658327744;066630;VLS;Vals;46.6278,9.18871;1242m;2015-04-01T07:00:00Z;2025-05-02T07:30:00Z;-999;-999;-999;1244.8
SYNOP;SYNO;1658799991;;WCH;Wilchingen;47.668,8.46453;422m;2017-12-03T06:00:00Z;2025-05-01T06:00:00Z;-999;-999;-999;425.9
SYNOP;SYNO;1686207944;067910;COV;Piz Corvatsch;46.418,9.82131;3294m;2002-01-01T00:00:00Z;2025-05-02T07:30:00Z;-999;-999;-999;3294.4
SYNOP;SYNO;1692780896;066460;BEZ;Beznau;47.5573,8.23333;326m;2002-01-01T00:00:00Z;2025-05-02T07:30:00Z;-999;-999;-999;326.1
SYNOP;SYNO;1696170189;;PUD;Punt la Drossa;46.6538,10.19;1713m;2017-12-03T06:00:00Z;2025-04-30T06:00:00Z;-999;-999;-999;1713.0
SYNOP;SYNO;1701505339;066370;MER;Meiringen;46.7322,8.16925;589m;2011-10-06T00:00:00Z;2025-05-02T07:30:00Z;-999;-999;-999;588.8
SYNOP;SYNO;1711571083;;SGD;Stiegelschwand;46.4881,7.53343;1466m;2017-12-03T06:00:00Z;2025-05-01T06:00:00Z;-999;-999;-999;1464.6
SYNOP;SYNO;1719346116;;TST;Tschiertschen;46.8197,9.60814;1273m;2017-12-03T06:00:00Z;2025-05-02T07:30:00Z;-999;-999;-999;1274.1
SYNOP;SYNO;1724679601;;HAU;Hausen am Albis;47.2398,8.52245;590m;2017-12-03T06:00:00Z;2025-05-01T06:00:00Z;-999;-999;-999;584.0
SYNOP;SYNO;1736498235;;SAI;Saignelégier;47.2569,6.98086;883m;2018-05-09T06:30:00Z;2025-05-02T07:20:00Z;-999;-999;-999;882.2
SYNOP;SYNO;1737529543;;BRT;Bristen;46.7676,8.69839;784m;2018-05-09T06:30:00Z;2025-05-02T07:20:00Z;-999;-999;-999;786.9
SYNOP;SYNO;1743915472;;HOY;Hoch-Ybrig;47.0117,8.7901;1458m;2017-12-03T06:00:00Z;2025-05-01T06:00:00Z;-999;-999;-999;1452.1
SYNOP;SYNO;1750240944;;AFT;Affeltrangen;47.5372,9.01572;541m;2017-12-03T06:00:00Z;2025-05-01T06:00:00Z;-999;-999;-999;544.0
SYNOP;SYNO;1753648352;;GIN;Grüningen;47.2735,8.74375;535m;2017-12-03T06:00:00Z;2025-05-01T06:00:00Z;-999;-999;-999;535.4
SYNOP;SYNO;1758958355;066700;KLO;Zürich / Kloten;47.4796,8.53596;426m;2002-01-01T00:00:00Z;2025-05-02T07:30:00Z;-999;-999;-999;424.6
SYNOP;SYNO;1763516210;;BIA;Biasca;46.3361,8.9784;278m;2017-08-18T08:00:00Z;2025-05-02T07:30:00Z;-999;-999;-999;282.8
SYNOP;SYNO;1784048730;;EPT;Eptingen;47.3859,7.81899;565m;2017-12-03T06:00:00Z;2025-05-01T06:00:00Z;-999;-999;-999;563.5
SYNOP;SYNO;1788870348;;HEB;Herzogenbuchsee;47.1928,7.71428;482m;2017-12-03T06:00:00Z;2025-05-01T06:00:00Z;-999;-999;-999;483.9
SYNOP;SYNO;1810193909;;HES;Herisau;47.3939,9.26308;700m;2017-12-03T06:00:00Z;2025-05-01T06:00:00Z;-999;-999;-999;697.7
SYNOP;SYNO;1814335720;;COU;Couvet;46.9335,6.65868;728m;2017-12-03T06:00:00Z;2025-05-02T07:20:00Z;-999;-999;-999;728.3
SYNOP;SYNO;1821862221;;MAC;Morges;46.5166,6.51094;374m;2017-12-03T06:00:00Z;2025-05-01T06:00:00Z;-999;-999;-999;379.6
SYNOP;SYNO;1824287721;067000;GVE;Genève / Cointrin;46.2475,6.12774;411m;2002-01-01T00:00:00Z;2025-05-02T07:30:00Z;-999;-999;-999;411.3
SYNOP;SYNO;1831347171;;WAR;Wartau;47.0967,9.50517;468m;2018-05-09T06:30:00Z;2025-05-02T07:30:00Z;-999;-999;-999;467.5
SYNOP;SYNO;1831404737;066560;BRZ;Brienz;46.7407,8.06086;567m;2002-01-01T00:00:00Z;2025-05-02T07:30:00Z;-999;-999;-999;568.2
SYNOP;SYNO;1847037285;;GRI;Grimentz;46.18,7.57808;1512m;2017-12-03T06:00:00Z;2025-05-01T06:00:00Z;-999;-999;-999;1511.2
SYNOP;SYNO;1850558566;067990;NAS;Naluns / Schlivera;46.8172,10.2614;2380m;2002-01-01T00:00:00Z;2025-05-02T07:30:00Z;-999;-999;-999;2378.7
SYNOP;SYNO;1853607559;;EHM;Escholzmatt;46.9035,7.93541;840m;2017-12-03T06:00:00Z;2025-04-30T06:00:00Z;-999;-999;-999;839.7
SYNOP;SYNO;1863273516;;ROM;Romont;46.7037,6.93489;692m;2017-12-03T06:00:00Z;2025-05-02T07:20:00Z;-999;-999;-999;690.9
SYNOP;SYNO;1864419519;;MBA;Marbach, LU;46.8573,7.90216;864m;2017-12-03T06:00:00Z;2025-05-01T06:00:00Z;-999;-999;-999;864.9
SYNOP;SYNO;1868089107;067020;DOL;La Dôle;46.4248,6.09945;1670m;2002-01-01T00:00:00Z;2025-05-02T07:30:00Z;-999;-999;-999;1667.6
SYNOP;SYNO;1869845056;066650;LAC;Lachen / Galgenen;47.1792,8.85869;468m;2015-10-27T08:00:00Z;2025-05-02T07:30:00Z;-999;-999;-999;469.1
SYNOP;SYNO;1876001205;;BRA;Braggio;46.2963,9.12547;1312m;2017-12-03T06:00:00Z;2025-05-01T06:00:00Z;-999;-999;-999;1306.1
SYNOP;SYNO;1890904837;066470;PSI;Würenlingen / PSI;47.5365,8.22694;334m;2002-01-01T00:00:00Z;2025-05-02T07:30:00Z;-999;-999;-999;335.4
SYNOP;SYNO;1893204342;;ALW;Allenwinden, TG;47.3869,8.94585;865m;2017-12-03T06:00:00Z;2025-04-30T06:00:00Z;-999;-999;-999;863.8
SYNOP;SYNO;1898357980;;BAT;Balsthal;47.3204,7.71663;523m;2017-12-03T06:00:00Z;2025-05-01T06:00:00Z;-999;-999;-999;523.5
SYNOP;SYNO;1899016458;;BRP;Brusio;46.2644,10.1172;856m;2017-12-03T06:00:00Z;2025-05-02T07:20:00Z;-999;-999;-999;859.5
SYNOP;SYNO;1926957052;;MEV;Mervelier;47.3466,7.49004;540m;2018-05-09T06:30:00Z;2025-05-02T07:20:00Z;-999;-999;-999;539.5
SYNOP;SYNO;1946281423;;NIE;Niederneunforn;47.5955,8.7797;440m;2017-12-03T06:00:00Z;2025-05-01T06:00:00Z;-999;-999;-999;439.3
SYNOP;SYNO;1951312430;;ALV;Alvaneu Dorf;46.6769,9.64746;1162m;2017-12-03T06:00:00Z;2025-05-01T06:00:00Z;-999;-999;-999;1165.4
SYNOP;SYNO;1952169324;;AST;Stalden / Ackersand;46.2409,7.87464;700m;2017-12-03T06:00:00Z;2025-05-01T06:00:00Z;-999;-999;-999;705.0
SYNOP;SYNO;1952697258;067520;CEV;Cevio;46.3205,8.60316;417m;2002-01-01T00:00:00Z;2025-05-02T07:30:00Z;-999;-999;-999;419.0
SYNOP;SYNO;1963394678;066010;BAS;Basel / Binningen;47.5411,7.58352;316m;2002-01-01T00:00:00Z;2025-05-02T07:30:00Z;-999;-999;-999;318.1
SYNOP;SYNO;1965496718;066750;EIN;Einsiedeln;47.133,8.75656;911m;2012-03-07T12:00:00Z;2025-05-02T07:30:00Z;-999;-999;-999;912.4
SYNOP;SYNO;1968567121;;BSP;Bourg-St-Pierre;45.9458,7.20852;1664m;2017-12-03T06:00:00Z;2025-05-01T06:00:00Z;-999;-999;-999;1671.1
SYNOP;SYNO;1983965707;;APT;Alpthal;47.0603,8.71366;1015m;2017-12-03T06:00:00Z;2025-05-01T06:00:00Z;-999;-999;-999;1029.5
SYNOP;SYNO;1997157576;;FIL;Filisur;46.6709,9.68991;1030m;2017-12-04T06:00:00Z;2025-04-30T06:00:00Z;-999;-999;-999;1038.3
SYNOP;SYNO;1997266322;;BOV;Boudevilliers;47.0229,6.88743;750m;2017-12-03T06:00:00Z;2025-05-01T06:00:00Z;-999;-999;-999;749.5
SYNOP;SYNO;2001757884;067790;SIA;Segl-Maria;46.4323,9.76233;1804m;2014-03-18T00:00:00Z;2025-05-02T07:30:00Z;-999;-999;-999;1805.5
SYNOP;SYNO;2013268219;;VSSIE;Sierre;46.2988,7.55639;535m;2018-05-09T06:30:00Z;2025-05-02T07:30:00Z;-999;-999;-999;537.8
SYNOP;SYNO;2018769657;;SVG;Savognin;46.5947,9.59714;1172m;2017-12-03T06:00:00Z;2025-05-02T07:20:00Z;-999;-999;-999;1173.7
SYNOP;SYNO;2021728915;067490;GOR;Gornergrat;45.9836,7.78574;3129m;2002-01-01T00:00:00Z;2025-05-02T07:30:00Z;-999;-999;-999;3120.4
SYNOP;SYNO;2024296963;;CAC;Campocologno;46.2378,10.1353;577m;2017-12-03T06:00:00Z;2025-05-01T06:00:00Z;-999;-999;-999;576.3
SYNOP;SYNO;2030262929;;VSJEI;Jeizinen;46.3284,7.72247;1556m;2018-05-09T06:30:00Z;2025-05-02T07:20:00Z;-999;-999;-999;1557.5
SYNOP;SYNO;2039624400;;STB;Starkenbach;47.1849,9.25045;897m;2018-05-09T06:30:00Z;2025-05-02T07:30:00Z;-999;-999;-999;897.1
SYNOP;SYNO;2040922243;;BAW;Barmelweid;47.4215,7.96949;777m;2017-12-03T06:00:00Z;2019-06-30T06:00:00Z;-999;-999;-999;783.1
SYNOP;SYNO;2041288863;067840;DAV;Davos;46.813,9.84356;1594m;2002-01-01T00:00:00Z;2025-05-02T07:30:00Z;-999;-999;-999;1590.9
SYNOP;SYNO;2088112197;066490;OBR;Oberriet / Kriessern;47.3766,9.61271;409m;2015-05-05T08:00:00Z;2025-05-02T07:30:00Z;-999;-999;-999;410.3
SYNOP;SYNO;2107446285;;ORS;Orsières;46.0214,7.14192;929m;2018-05-09T06:30:00Z;2025-05-02T07:20:00Z;-999;-999;-999;929.5
SYNOP;SYNO;2109196617;;FRF;Frauenfeld;47.5731,8.89371;393m;2017-12-03T06:00:00Z;2025-05-01T06:00:00Z;-999;-999;-999;389.7
SYNOP;SYNO;2113242257;;KIS;Kiesen;46.8208,7.57304;535m;2017-12-03T06:00:00Z;2025-05-02T07:20:00Z;-999;-999;-999;536.2
SYNOP;SYNO;2117143666;;COL;Coldrerio;45.8539,8.99743;347m;2018-05-09T06:30:00Z;2025-05-02T07:20:00Z;-999;-999;-999;346.4
SYNOP;SYNO;2123343588;;BIS;Bisisthal;46.9438,8.83073;856m;2017-12-03T06:00:00Z;2025-05-01T06:00:00Z;-999;-999;-999;853.9
SYNOP;SYNO;2163532939;066240;HLL;Hallau;47.6973,8.47046;419m;2011-10-11T00:00:00Z;2025-05-02T07:30:00Z;-999;-999;-999;421.2
SYNOP;SYNO;2176160128;066950;ANT;Andermatt;46.6309,8.58055;1438m;2013-11-19T00:00:00Z;2025-05-02T07:30:00Z;-999;-999;-999;1434.1
SYNOP;SYNO;2211409391;;MUT;Murten;46.9421,7.13644;433m;2017-12-03T06:00:00Z;2025-05-01T06:00:00Z;-999;-999;-999;435.4
SYNOP;SYNO;2214226762;067880;VIO;Vicosoprano;46.353,9.6278;1089m;2013-02-06T09:00:00Z;2025-05-02T07:30:00Z;-999;-999;-999;1094.9
SYNOP;SYNO;2231295974;;VVI;Vallorbe;46.7129,6.38451;748m;2017-12-03T06:00:00Z;2025-05-01T06:00:00Z;-999;-999;-999;747.2
SYNOP;SYNO;2233534772;;FRA;Fräschels;46.9965,7.20593;454m;2017-12-03T06:00:00Z;2025-05-01T06:00:00Z;-999;-999;-999;456.2
SYNOP;SYNO;2242572695;;SAN;St. Antönien;46.9721,9.82592;1456m;2018-05-09T06:30:00Z;2025-05-02T07:20:00Z;-999;-999;-999;1457.9
SYNOP;SYNO;2246507089;;VSSFE;Salanfe;46.1457,6.97297;1965m;2018-05-09T06:30:00Z;2025-05-02T07:20:00Z;-999;-999;-999;1961.7
SYNOP;SYNO;2249660041;066600;SMA;Zürich / Fluntern;47.3779,8.56574;556m;2002-01-01T00:00:00Z;2025-05-02T07:30:00Z;-999;-999;-999;555.7
SYNOP;SYNO;2250435289;;MAL;Malbun;47.1032,9.60861;1610m;2018-05-09T06:30:00Z;2025-05-02T07:20:00Z;-999;-999;-999;1610.9
SYNOP;SYNO;2283077442;;LGA;Langnau am Albis;47.2861,8.52531;579m;2017-12-03T06:00:00Z;2025-05-02T07:30:00Z;-999;-999;-999;589.4
SYNOP;SYNO;2287431434;066930;EBK;Ebnat-Kappel;47.2734,9.10849;623m;2010-07-01T08:00:00Z;2025-05-02T07:30:00Z;-999;-999;-999;624.8
SYNOP;SYNO;2295967745;;FIO;Fionnay;46.0314,7.30896;1500m;2018-05-09T06:30:00Z;2025-05-02T07:20:00Z;-999;-999;-999;1502.5
SYNOP;SYNO;2306497475;;WHF;Riedholz / Wallierhof;47.2343,7.5627;518m;2018-05-09T06:30:00Z;2025-05-02T07:20:00Z;-999;-999;-999;519.0
SYNOP;SYNO;2306523058;;VST;La Valsainte;46.6478,7.17856;1044m;2017-12-03T06:00:00Z;2025-05-02T07:20:00Z;-999;-999;-999;1045.6
SYNOP;SYNO;2325792842;;MAT;Martina;46.884,10.463;1041m;2018-05-09T06:30:00Z;2025-05-02T07:20:00Z;-999;-999;-999;1044.3
SYNOP;SYNO;2326118230;;SRE;Sierre;46.2985,7.55723;536m;2017-12-03T06:00:00Z;2025-05-01T06:00:00Z;-999;-999;-999;539.2
SYNOP;SYNO;2333930304;;AFI;Andelfingen;47.6016,8.6861;382m;2017-12-03T06:00:00Z;2025-05-02T07:30:00Z;-999;-999;-999;385.1
SYNOP;SYNO;2355842234;;INN;Innerthal;47.1064,8.91528;903m;2018-05-09T06:30:00Z;2025-05-02T07:20:00Z;-999;-999;-999;903.0
SYNOP;SYNO;2361948292;066180;MAH;Mathod;46.737,6.56798;435m;2002-01-01T00:00:00Z;2025-05-02T07:30:00Z;-999;-999;-999;435.3
SYNOP;SYNO;2364053173;;ZWK;Zwillikon;47.2901,8.43196;461m;2018-05-09T06:30:00Z;2025-05-02T07:20:00Z;-999;-999;-999;461.6
SYNOP;SYNO;2378547981;;COG;Combe-Garot;46.9529,6.75669;629m;2017-12-03T06:00:00Z;2025-05-01T06:00:00Z;-999;-999;-999;634.8
SYNOP;SYNO;2397541569;066140;MAR;Les Marécottes;46.1189,7.0166;990m;2015-08-25T08:00:00Z;2025-05-02T07:30:00Z;-999;-999;-999;993.5
SYNOP;SYNO;2402011870;;WEE;Weesen;47.1316,9.08609;425m;2017-12-03T06:00:00Z;2025-05-02T07:20:00Z;-999;-999;-999;427.1
SYNOP;SYNO;2408488614;066100;PAY;Payerne;46.8116,6.94247;490m;2002-01-01T00:00:00Z;2025-05-02T07:30:00Z;-999;-999;-999;490.2
SYNOP;SYNO;2423316293;;TAM;Tamins;46.8317,9.40693;667m;2017-12-03T06:00:00Z;2025-05-01T06:00:00Z;-999;-999;-999;672.8
SYNOP;SYNO;2440604288;067070;VIT;Villars-Tiercelin;46.6218,6.71007;859m;2014-03-13T09:00:00Z;2025-05-02T07:30:00Z;-999;-999;-999;858.2
SYNOP;SYNO;2454000484;;LUN;Lungern;46.7851,8.16251;740m;2017-12-03T06:00:00Z;2025-04-30T06:00:00Z;-999;-999;-999;743.1
SYNOP;SYNO;2456379163;;STE;Steckborn;47.6621,8.9719;399m;2017-12-03T06:00:00Z;2025-04-30T06:00:00Z;-999;-999;-999;397.3
SYNOP;SYNO;2458137721;066380;LAG;Langnau i.E.;46.9396,7.80642;744m;2011-06-27T00:00:00Z;2025-05-02T07:30:00Z;-999;-999;-999;742.8
SYNOP;SYNO;2471288936;;MMO;Mormont;47.4381,7.03733;535m;2017-12-03T06:00:00Z;2025-05-02T07:20:00Z;-999;-999;-999;535.7
SYNOP;SYNO;2474602610;;VSBSP;Bourg-St-Pierre;45.9276,7.19821;1822m;2018-05-09T06:30:00Z;2025-05-02T07:20:00Z;-999;-999;-999;1824.6
SYNOP;SYNO;2479013897;;ZOF;Zofingen;47.2802,7.94339;432m;2017-12-03T06:00:00Z;2025-05-01T06:00:00Z;-999;-999;-999;431.8
SYNOP;SYNO;2484985463;;VSSOR;Sorniot-Lac Inférieur;46.1666,7.0998;1990m;2018-05-09T06:30:00Z;2025-05-02T07:20:00Z;-999;-999;-999;1983.8
SYNOP;SYNO;2507291825;066780;BIZ;Bischofszell;47.5088,9.2668;507m;2010-03-10T14:00:00Z;2025-05-02T07:30:00Z;-999;-999;-999;506.9
SYNOP;SYNO;2510994997;;VSSAL;Saleina;45.986,7.09396;1600m;2018-05-09T06:30:00Z;2025-05-02T07:20:00Z;-999;-999;-999;1599.0
SYNOP;SYNO;2562812657;066280;PLF;Plaffeien;46.7477,7.26626;1042m;2002-01-01T00:00:00Z;2025-05-02T07:30:00Z;-999;-999;-999;1041.2
SYNOP;SYNO;2565247418;066250;GRA;Fribourg / Grangeneuve;46.7714,7.11374;651m;2011-06-20T00:00:00Z;2025-05-02T07:30:00Z;-999;-999;-999;649.6
SYNOP;SYNO;2576164414;;MGB;Mogelsberg;47.3614,9.13604;766m;2017-12-03T06:00:00Z;2025-05-01T06:00:00Z;-999;-999;-999;767.8
SYNOP;SYNO;2592672265;;CAV;Cavaglia;46.3679,10.0364;1707m;2017-12-05T06:00:00Z;2025-04-30T06:00:00Z;-999;-999;-999;1707.2
SYNOP;SYNO;2600464237;067350;ABO;Adelboden;46.4917,7.5607;1321m;2002-01-01T00:00:00Z;2025-05-02T07:30:00Z;-999;-999;-999;1319.8
SYNOP;SYNO;2611462111;067530;PIO;Piotta;46.5148,8.68804;990m;2002-01-01T00:00:00Z;2025-05-02T07:30:00Z;-999;-999;-999;992.7
SYNOP;SYNO;2613901822;;YVN;Yverdon-les-Bains;46.7819,6.65099;432m;2017-12-03T06:00:00Z;2025-05-01T06:00:00Z;-999;-999;-999;432.5
SYNOP;SYNO;2614907723;;GUG;Guglera;46.7497,7.24285;877m;2017-12-03T06:00:00Z;2025-05-01T06:00:00Z;-999;-999;-999;880.2
SYNOP;SYNO;2625614239;;TRO;Trogen;47.3992,9.4546;975m;2017-12-03T06:00:00Z;2025-05-01T06:00:00Z;-999;-999;-999;974.5
SYNOP;SYNO;2656521620;;COS;Cossonay;46.6095,6.49308;590m;2017-12-03T06:00:00Z;2025-05-02T07:20:00Z;-999;-999;-999;590.3
SYNOP;SYNO;2661774761;;MES;Mesocco;46.3956,9.23109;825m;2017-12-03T06:00:00Z;2025-04-30T06:00:00Z;-999;-999;-999;823.7
SYNOP;SYNO;2665481690;;LUT;Luthern;47.0582,7.91861;767m;2017-12-03T06:00:00Z;2025-05-01T06:00:00Z;-999;-999;-999;766.7
SYNOP;SYNO;2670959045;066590;PIL;Pilatus;46.9789,8.25226;2105m;2002-01-01T00:00:00Z;2025-05-02T07:30:00Z;-999;-999;-999;2095.8
SYNOP;SYNO;2675856182;;ROT;Rothenbrunnen;46.7657,9.41847;622m;2018-05-09T06:30:00Z;2025-05-02T07:20:00Z;-999;-999;-999;626.8
SYNOP;SYNO;2701177183;067580;GRO;Grono;46.2551,9.16376;324m;2012-10-16T00:00:00Z;2025-05-02T07:30:00Z;-999;-999;-999;322.2
SYNOP;SYNO;2701858041;;ORZ;Orzens;46.722,6.68173;624m;2017-12-03T06:00:00Z;2025-05-01T06:00:00Z;-999;-999;-999;623.3
SYNOP;SYNO;2704051060;;VSISE;Isérables;46.1609,7.24874;1237m;2018-05-09T06:30:00Z;2025-05-02T07:20:00Z;-999;-999;-999;1236.6
SYNOP;SYNO;2704408288;066520;FLU;Flühli, LU;46.8894,8.02034;940m;2015-03-19T09:00:00Z;2025-05-02T07:30:00Z;-999;-999;-999;938.8
SYNOP;SYNO;2707304309;066330;BUS;Buchs / Aarau;47.3844,8.07955;387m;2002-01-01T00:00:00Z;2025-05-02T07:30:00Z;-999;-999;-999;387.5
SYNOP;SYNO;2714062622;;EGL;Lachen / Eggen;47.4339,9.58666;930m;2017-12-03T06:00:00Z;2025-05-01T06:00:00Z;-999;-999;-999;929.2
SYNOP;SYNO;2718939193;067200;SIO;Sion;46.2186,7.3302;482m;2002-01-01T00:00:00Z;2025-05-02T07:30:00Z;-999;-999;-999;482.6
SYNOP;SYNO;2742761653;;CNZ;Chanéaz;46.7293,6.74284;758m;2017-12-03T06:00:00Z;2025-05-01T06:00:00Z;-999;-999;-999;758.6
SYNOP;SYNO;2751685248;067920;SAM;Samedan;46.5262,9.87947;1709m;2002-01-01T00:00:00Z;2025-05-02T07:30:00Z;-999;-999;-999;1708.3
SYNOP;SYNO;2751948543;067510;ROE;Robièi;46.4431,8.51339;1898m;2002-01-01T00:00:00Z;2025-05-02T07:30:00Z;-999;-999;-999;1897.1
SYNOP;SYNO;2756048298;;UBB;Bözberg;47.4817,8.13185;536m;2018-05-09T06:30:00Z;2025-05-02T07:20:00Z;-999;-999;-999;537.1
SYNOP;SYNO;2763659972;;SON;Sonogno;46.3496,8.78823;910m;2017-12-03T06:00:00Z;2025-05-01T06:00:00Z;-999;-999;-999;912.7
SYNOP;SYNO;2779493647;066710;STK;Steckborn;47.6686,8.98143;397m;2002-01-01T00:00:00Z;2025-05-02T07:30:00Z;-999;-999;-999;396.1
SYNOP;SYNO;2796708837;;KIE;Kiental;46.5826,7.7271;930m;2018-05-09T06:30:00Z;2025-05-02T07:20:00Z;-999;-999;-999;926.4
SYNOP;SYNO;2811546842;;KUE;Küsnacht, ZH;47.3103,8.58532;412m;2017-12-03T06:00:00Z;2025-05-02T07:20:00Z;-999;-999;-999;417.9
SYNOP;SYNO;2822941520;;PAV;Payerne / Ville;46.8334,6.93551;447m;2017-12-03T06:00:00Z;2025-05-01T06:00:00Z;-999;-999;-999;448.0
SYNOP;SYNO;2823630443;066760;AEG;Oberägeri;47.1336,8.60821;724m;2002-01-01T00:00:00Z;2025-05-02T07:30:00Z;-999;-999;-999;723.8
SYNOP;SYNO;2852675505;066040;NEU;Neuchâtel;47.0001,6.9533;485m;2002-01-01T00:00:00Z;2025-05-02T07:30:00Z;-999;-999;-999;481.8
SYNOP;SYNO;2868372038;;FAI;Faido;46.4775,8.80529;747m;2018-05-09T06:30:00Z;2025-05-02T07:20:00Z;-999;-999;-999;746.7
SYNOP;SYNO;2880089697;066850;GLA;Glarus;47.0346,9.06696;517m;2002-01-01T00:00:00Z;2025-05-02T07:30:00Z;-999;-999;-999;517.1
SYNOP;SYNO;2885597367;;ARI;Arisdorf;47.507,7.77459;480m;2017-12-03T06:00:00Z;2025-05-01T06:00:00Z;-999;-999;-999;479.1
SYNOP;SYNO;2889270042;;JAU;Jaun;46.6116,7.27589;1029m;2017-12-03T06:00:00Z;2025-05-01T06:00:00Z;-999;-999;-999;1032.9
SYNOP;SYNO;2892015038;067210;BIN;Binn;46.3677,8.19231;1479m;2014-01-17T13:00:00Z;2025-05-02T07:30:00Z;-999;-999;-999;1483.6
SYNOP;SYNO;2895215938;;BUC;Buch, SH;47.7172,8.7839;414m;2017-12-03T06:00:00Z;2025-04-02T06:00:00Z;-999;-999;-999;418.5
SYNOP;SYNO;2925597553;;VSTUR;Turtmann;46.1698,7.69241;2180m;2018-05-09T06:30:00Z;2025-05-02T07:20:00Z;-999;-999;-999;2177.7
SYNOP;SYNO;2944188248;;VSSAB;Saas Balen;46.1488,7.92835;1535m;2018-05-09T06:30:00Z;2025-05-02T07:30:00Z;-999;-999;-999;1535.4
SYNOP;SYNO;2945000106;066050;CHA;Chasseral;47.1318,7.05437;1594m;2002-01-01T00:00:00Z;2025-05-02T07:30:00Z;-999;-999;-999;1594.9
SYNOP;SYNO;2949461097;067820;DIS;Disentis;46.7066,8.85348;1197m;2002-01-01T00:00:00Z;2025-05-02T07:30:00Z;-999;-999;-999;1198.6
SYNOP;SYNO;2961915703;;CBS;Châbles;46.826,6.81571;589m;2017-12-03T06:00:00Z;2025-05-01T06:00:00Z;-999;-999;-999;590.3
SYNOP;SYNO;2963019548;;UNK;Unterkulm;47.3198,8.11108;454m;2018-05-09T06:30:00Z;2025-05-02T07:20:00Z;-999;-999;-999;453.5
SYNOP;SYNO;2969051499;;PIG;Pigniu;46.8103,9.11514;1325m;2017-12-03T06:00:00Z;2025-05-01T06:00:00Z;-999;-999;-999;1319.9
